택시운송업 사업체수,택시운송업 종사자수,한식 일반 음식점업 사업체수,한식 일반 음식점업 종사자수,용달 화물자동차 운송업 사업체수,용달 화물자동차 운송업 종사자수,부동산 중개 및 대리업 사업체수,부동산 중개 및 대리업 종사자수,두발미용업 사업체수,두발미용업 종사자수,커피전문점 사업체수,커피전문점 종사자수,남녀용 겉옷 및 셔츠 도매업 사업체수,남녀용 겉옷 및 셔츠 도매업 종사자수,기타주점업 사업체수,기타주점업 종사자수,일반 교과 학원 사업체수,일반 교과 학원 종사자수,한식 육류요리 전문점 사업체수,한식 육류요리 전문점 종사자수
7,7,230,982,12,12,57,96,28,66,124,525,2,18,74,177,9,34,45,220
5,5,42,145,4,4,9,10,0,0,66,243,2,3,3,8,0,0,7,33
22,22,26,100,9,9,17,26,8,10,24,62,3,6,7,23,16,59,3,15
10,10,31,116,11,11,33,52,19,28,19,62,2,4,26,54,25,71,10,103
10,10,10,26,410,416,12,17,9,10,7,15,0,0,0,0,14,50,1,2
14,14,14,44,7,7,26,37,11,25,13,55,0,0,1,1,5,22,3,15
9,9,57,270,7,7,16,23,8,8,46,133,2,2,5,9,3,10,6,21
1,1,565,2396,3,11,111,271,37,81,284,1360,210,376,237,674,8,50,192,996
6,6,176,542,11,25,71,84,17,25,72,197,71,192,36,74,0,0,51,204
4,4,71,395,17,17,13,13,8,32,69,338,9,127,27,108,2,14,11,45
13,13,64,148,11,11,27,34,10,18,16,38,64,164,17,31,2,6,14,39
16,16,37,89,24,24,13,15,19,21,9,22,3,7,9,14,1,6,19,42
16,16,9,24,17,17,15,22,9,15,7,9,2,4,1,2,2,6,1,1
16,16,11,26,18,18,12,15,13,21,5,14,9,19,3,5,4,16,2,3
7,7,55,156,19,19,38,51,17,31,20,86,19,33,20,37,1,1,18,56
22,22,42,138,16,16,29,39,16,27,65,156,1,1,11,23,7,22,11,23
37,37,108,315,22,22,50,84,32,62,102,298,1,6,60,173,11,15,43,164
230,235,1588,6414,300,333,576,1152,339,816,869,3542,10810,24248,381,982,57,175,443,2121
2,2,193,1016,0,0,22,54,18,50,141,669,6,97,24,74,0,0,44,284
4,8,149,621,3,3,18,33,23,43,93,372,1328,2138,20,39,0,0,32,188
1,1,300,1455,2,2,80,355,54,252,233,1126,20,738,55,204,3,15,87,517
6,6,120,457,6,6,28,59,13,18,73,236,0,0,38,80,4,12,19,74
11,11,46,146,4,4,11,16,6,13,24,87,35,567,6,18,1,1,13,42
6,6,172,673,16,39,60,90,16,61,73,272,751,1732,45,111,0,0,67,272
1,1,181,648,6,6,58,78,9,15,79,283,405,842,61,166,0,0,29,127
15,15,65,161,29,35,30,36,24,33,9,15,32,137,35,54,4,4,27,79
11,11,80,213,24,24,38,57,25,41,13,36,44,116,18,37,1,1,37,118
24,24,63,216,25,29,26,67,22,47,35,139,2,168,18,46,4,11,18,87
5,5,78,262,19,19,92,130,25,44,37,132,8054,17119,21,55,2,6,22,83
33,33,58,205,53,53,23,39,22,38,24,78,38,187,18,48,8,24,22,152
53,54,34,160,40,40,35,47,34,64,9,30,5,47,9,24,5,14,13,51
38,38,20,94,43,43,25,40,20,43,12,31,33,124,8,18,20,72,6,23
20,20,29,87,30,30,30,51,28,54,14,36,57,236,5,8,5,15,7,24
416,523,857,2987,455,466,791,1214,366,777,634,2076,54,317,487,1332,104,573,300,1184
46,46,37,142,56,56,44,55,22,39,36,85,6,28,8,9,15,43,15,59
35,35,24,80,31,31,23,36,18,20,32,77,2,2,33,73,5,9,4,10
4,4,107,397,8,8,21,31,19,36,55,199,3,6,37,109,2,11,40,144
31,31,38,105,47,47,32,50,19,19,13,38,0,0,8,13,16,45,5,8
31,31,12,30,30,30,18,24,7,8,17,66,1,5,1,2,7,33,2,6
27,27,24,69,36,36,25,37,28,41,9,23,2,46,16,27,11,23,13,33
11,11,37,116,5,5,58,86,29,86,17,101,1,1,15,51,12,42,12,58
30,30,10,19,36,40,30,41,8,8,7,15,0,0,0,0,1,1,1,3
8,8,71,301,9,9,34,52,12,22,48,166,3,11,136,510,0,0,19,80
35,35,29,97,18,18,35,40,14,21,39,92,5,11,52,118,1,7,7,22
21,128,15,62,17,17,21,31,11,14,10,35,2,11,1,1,4,13,1,5
44,44,38,83,31,35,65,91,40,51,17,32,4,6,18,31,7,26,26,66
38,38,71,178,64,67,59,79,47,105,64,158,4,87,33,61,7,24,25,73
15,15,76,226,28,28,63,81,18,32,43,111,2,2,33,66,8,22,28,109
7,7,182,732,12,12,166,278,39,187,144,512,6,16,37,83,0,0,65,305
33,33,86,350,27,27,97,202,35,88,83,366,13,85,59,178,8,274,37,203
1200,2527,956,2785,1072,1161,801,1453,489,851,547,1859,149,1572,285,621,258,1494,400,1545
37,37,26,60,57,134,40,64,25,42,13,37,5,11,7,17,10,49,7,24
438,579,61,153,83,85,36,53,26,29,17,45,7,17,15,29,15,43,44,195
21,21,76,274,38,38,35,48,24,71,66,281,0,0,53,170,2,5,44,177
37,37,72,194,54,54,40,59,37,87,35,175,2,7,18,40,18,90,37,151
51,51,8,17,49,49,33,56,27,38,16,33,0,0,2,3,40,139,5,37
43,43,7,18,45,45,13,19,12,14,5,16,1,1,2,3,17,49,2,5
61,61,9,16,44,44,30,59,23,35,13,32,1,5,6,17,19,102,7,23
38,38,25,57,29,30,40,64,28,56,10,52,0,0,16,37,11,23,15,47
53,53,44,114,48,50,66,139,27,48,33,109,14,358,7,9,18,67,11,48
70,885,106,376,39,42,55,110,25,32,85,219,17,129,16,28,12,54,36,146
71,71,88,228,73,74,46,64,34,65,54,184,8,251,34,60,6,47,41,107
36,248,155,522,288,289,100,323,18,25,83,306,45,598,19,32,14,529,40,147
58,58,23,52,43,43,20,26,18,19,6,9,2,2,5,5,5,9,8,18
46,205,81,234,45,47,31,40,26,38,24,64,18,84,28,55,6,17,21,69
45,45,90,258,56,56,109,180,57,124,49,185,24,95,33,65,22,119,56,282
62,62,61,129,57,57,49,64,55,73,18,47,1,1,20,37,16,34,16,35
33,33,24,83,24,24,58,85,27,55,20,65,4,13,4,14,27,118,10,34
1119,1744,963,2861,968,985,871,1313,746,1337,590,1887,89,687,633,1577,413,1646,467,1678
39,39,129,432,34,34,77,129,72,224,125,471,5,113,204,705,8,57,108,422
59,216,63,216,47,51,53,74,49,78,48,179,6,38,53,111,13,112,34,113
72,176,68,154,67,67,50,89,41,47,20,29,10,74,44,69,13,31,23,73
79,79,52,160,75,78,64,83,61,78,31,66,13,48,34,63,32,81,20,82
99,211,40,95,67,67,45,64,49,66,26,73,6,21,47,81,12,34,23,56
157,258,48,123,121,121,43,59,56,70,28,74,4,34,28,55,33,146,20,65
34,34,24,90,27,27,24,38,15,27,19,56,7,54,24,57,4,5,19,75
47,47,78,230,52,56,80,112,56,82,36,80,6,11,54,155,24,83,54,183
126,277,63,139,119,119,54,84,39,56,29,98,1,2,22,36,21,56,19,52
47,47,104,326,34,34,71,117,57,143,47,199,4,93,21,51,99,419,28,127
39,39,48,177,17,17,68,97,34,53,38,125,16,179,12,29,56,266,16,92
71,71,88,256,79,79,68,119,65,110,32,91,1,1,20,38,14,79,31,88
105,105,35,95,81,86,53,88,51,68,28,75,2,4,27,50,34,112,22,79
76,76,43,159,77,77,66,87,43,105,37,117,4,10,8,18,47,161,19,70
69,69,80,209,71,72,55,73,58,130,46,154,4,5,35,59,3,4,31,101
1546,2093,1236,3566,1431,1456,842,1208,611,891,494,1472,211,976,499,1082,302,984,442,1509
18,18,74,245,20,20,25,36,31,85,57,196,1,1,67,183,7,16,29,108
42,42,39,105,25,25,42,66,21,41,18,65,3,124,17,49,10,31,23,93
123,123,31,80,445,445,40,62,24,28,29,67,1,1,8,21,14,53,3,8
67,67,94,230,61,63,47,73,44,58,23,60,0,0,27,54,8,24,30,99
71,71,237,683,82,97,111,168,49,68,75,206,66,259,47,92,16,86,59,217
47,47,163,424,75,76,74,104,40,47,36,72,12,47,67,110,16,42,27,74
101,101,117,424,79,81,92,130,70,97,40,112,8,20,38,87,25,64,42,116
91,91,24,53,61,61,20,24,33,36,17,52,2,2,8,22,32,57,7,19
286,286,52,164,85,85,67,82,30,45,24,96,5,16,20,39,26,100,17,45
145,145,64,173,116,118,58,73,43,64,20,61,7,19,27,61,20,65,22,93
202,444,162,489,158,159,106,166,74,97,46,150,73,392,64,127,19,73,69,260
198,388,114,335,129,131,73,98,82,121,43,145,31,91,58,126,75,273,67,258
60,60,56,143,45,45,54,83,45,76,54,164,2,4,36,86,16,53,31,78
95,210,9,18,50,50,33,43,25,28,12,26,0,0,15,25,18,47,16,41
3634,6262,991,2479,1804,1877,738,1104,790,1108,381,1037,63,284,535,1000,288,1045,499,1504
167,329,80,176,130,142,46,70,61,66,23,58,8,34,26,43,20,57,35,83
154,154,28,51,100,102,32,40,33,35,18,31,3,8,23,39,25,63,16,36
68,305,23,56,85,99,22,34,19,20,4,9,3,10,9,15,1,2,14,36
109,242,57,165,88,88,51,83,50,75,16,52,4,9,36,53,12,75,22,88
157,919,15,47,90,90,31,51,40,64,26,98,3,18,10,16,16,30,14,35
85,213,127,308,66,67,74,148,40,92,39,150,4,19,73,146,0,0,88,266
136,136,24,57,79,79,39,56,40,53,14,21,2,7,9,14,20,75,9,24
159,235,90,215,112,124,44,71,62,84,22,42,4,8,66,122,4,7,44,136
181,181,54,164,133,133,56,73,61,87,37,110,7,36,23,41,18,67,32,82
126,126,58,126,86,86,47,63,46,54,20,38,5,16,34,68,15,32,29,83
115,284,36,77,91,100,25,28,38,42,13,18,1,3,15,17,10,19,13,43
388,1031,55,171,201,213,43,58,48,63,35,105,4,28,24,40,46,196,40,157
200,200,29,106,75,75,30,41,33,76,14,43,0,0,8,19,48,195,10,39
153,153,98,230,168,178,80,110,76,89,33,84,4,29,55,103,17,39,38,115
183,183,100,224,126,127,56,82,69,111,32,88,5,32,65,155,17,60,40,132
1253,1571,117,306,174,174,62,96,74,97,35,90,6,27,59,109,19,128,55,149
1835,2643,973,2822,1312,1335,846,1175,739,1245,457,1384,85,454,512,1030,464,1755,365,1334
54,54,7,22,35,35,17,23,12,14,4,16,1,1,4,7,15,223,4,87
62,62,7,27,33,33,29,33,14,19,6,16,2,2,1,2,29,70,3,6
38,38,86,346,39,41,35,46,39,99,69,237,24,83,57,136,7,11,21,66
206,206,48,121,47,47,40,53,32,46,11,32,16,64,24,53,10,35,16,38
87,87,20,48,42,42,31,46,28,33,15,48,0,0,7,11,29,57,12,31
132,273,30,80,94,100,30,43,29,40,11,36,1,1,11,17,21,87,13,38
95,95,35,77,50,50,16,22,24,31,16,34,0,0,18,33,2,8,20,63
136,275,37,84,74,74,35,49,29,51,16,42,1,3,18,32,13,34,13,29
91,91,24,66,57,57,53,96,37,75,20,76,1,1,43,78,43,194,8,32
34,34,38,126,36,38,46,77,29,76,26,85,1,28,7,8,27,76,8,84
144,144,40,104,108,108,41,62,42,60,17,46,4,101,7,9,38,125,12,31
60,60,68,176,66,66,34,45,51,83,43,137,5,16,21,45,13,46,31,105
87,87,36,84,96,96,38,47,34,38,12,22,2,2,22,31,6,9,12,28
83,83,49,92,73,73,49,62,29,31,6,13,4,10,40,63,8,19,14,46
68,361,14,40,62,62,46,63,15,18,7,29,0,0,7,12,12,32,8,29
40,40,48,245,27,27,40,53,32,47,35,102,3,59,12,28,28,76,9,34
74,74,116,281,56,56,55,76,47,68,32,86,6,12,56,90,36,97,34,98
27,27,81,250,29,31,70,86,82,236,52,179,5,27,70,218,54,324,66,299
119,119,89,228,124,124,62,84,64,94,31,92,7,42,32,51,48,175,25,100
198,433,100,325,164,175,79,109,70,86,28,56,2,2,55,106,25,57,36,90
1713,2589,965,2663,1024,1030,589,867,673,997,358,1095,40,94,580,1275,220,740,362,1176
98,227,86,241,53,53,60,89,62,112,38,136,2,2,60,116,13,44,33,114
108,108,17,37,71,71,10,17,21,23,9,16,3,25,8,13,1,1,5,19
310,409,21,52,61,61,12,16,22,25,13,49,0,0,11,20,20,51,6,16
97,226,77,160,79,82,38,53,43,49,19,39,6,10,23,35,15,38,23,48
112,112,47,128,81,81,41,54,57,65,15,26,2,3,30,45,13,42,13,45
81,81,163,445,62,62,84,150,81,135,52,184,7,11,159,488,6,29,85,317
116,238,37,79,116,119,29,48,49,80,9,20,0,0,14,25,30,72,7,17
80,80,89,241,71,71,70,99,85,151,34,98,12,22,55,94,10,57,34,102
149,149,110,397,74,74,61,72,69,114,43,163,2,4,81,216,31,101,56,191
122,251,115,263,80,80,71,115,74,108,26,71,1,5,59,94,22,66,51,159
85,85,27,57,77,77,46,62,29,44,17,51,1,1,14,20,40,171,9,20
135,231,122,424,64,64,23,31,20,24,47,141,2,9,41,69,3,11,20,83
220,392,54,139,135,135,44,61,61,67,36,101,2,2,25,40,16,57,20,45
2993,5783,672,2009,1571,1574,515,794,600,847,288,837,22,43,258,477,351,1162,302,943
202,373,21,66,77,77,18,23,32,42,25,54,1,2,6,7,14,44,12,39
141,427,50,156,82,82,30,49,53,91,21,61,0,0,19,39,38,159,18,69
68,68,35,102,53,53,38,61,35,47,18,58,0,0,13,25,10,21,19,68
113,113,4,14,51,51,16,31,27,42,8,23,1,1,2,9,61,175,5,21
218,925,131,426,96,96,76,126,80,121,41,132,1,1,46,72,38,138,51,162
176,176,42,84,78,78,24,42,55,66,13,28,2,5,7,16,14,46,18,41
241,422,22,104,99,99,20,34,16,27,14,40,0,0,2,5,22,51,10,29
177,177,39,105,503,503,43,58,42,69,22,88,2,2,10,28,11,25,17,57
173,371,47,97,137,140,44,65,62,68,15,27,2,2,17,24,21,79,14,36
128,128,30,65,77,77,27,36,35,40,10,16,2,2,25,42,10,13,20,45
153,539,41,168,60,60,40,76,29,42,16,68,2,2,22,54,39,134,18,51
802,929,52,265,73,73,50,67,46,75,39,118,1,2,20,34,52,220,28,123
163,418,114,250,97,97,47,66,47,62,25,75,2,5,41,82,2,11,49,127
238,717,44,107,88,88,42,60,41,55,21,49,6,19,28,40,19,46,23,75
4114,6074,866,2650,1730,1736,714,1053,782,1353,535,1748,30,123,355,844,735,3281,428,1557
124,479,84,216,85,85,39,50,37,62,42,123,2,11,32,90,18,42,39,93
291,378,14,30,129,129,16,21,25,34,16,37,1,2,3,3,13,39,6,14
207,207,24,77,153,156,33,47,30,54,17,44,4,4,0,0,19,47,2,7
279,622,60,165,176,179,63,78,60,91,68,172,0,0,21,40,43,101,36,112
80,152,45,143,56,56,21,35,22,36,28,75,2,20,9,16,26,94,14,73
109,109,8,26,65,65,16,24,16,31,2,4,0,0,2,2,16,55,2,5
112,210,33,94,72,72,35,55,37,54,31,90,0,0,12,28,158,990,10,41
108,108,22,71,44,44,36,48,36,71,21,79,0,0,6,11,140,775,5,28
113,113,51,163,74,74,22,33,32,56,20,59,0,0,27,63,28,103,30,114
1366,1712,90,272,174,174,60,95,70,105,43,119,4,53,26,44,35,125,47,264
85,194,102,418,55,55,68,114,83,222,67,350,0,0,79,275,23,197,81,329
93,144,51,114,76,76,54,73,66,88,21,56,2,6,23,32,35,112,28,72
58,58,12,27,24,24,16,22,16,25,7,10,1,1,3,8,33,95,5,11
159,159,14,30,69,69,22,31,21,29,9,20,1,1,2,4,36,131,6,23
126,126,5,16,60,60,12,18,11,19,5,21,3,3,1,1,11,22,2,4
165,165,51,103,118,118,42,55,42,51,17,32,2,2,34,50,15,39,19,37
183,183,72,301,67,67,61,103,55,149,26,167,1,1,17,45,46,230,17,58
172,172,24,70,108,108,24,44,38,60,18,81,2,4,9,22,19,42,10,30
284,783,104,314,125,125,74,107,85,116,77,209,5,15,49,110,21,42,69,242
3108,4430,881,2585,1340,1349,1134,1614,947,1443,457,1296,26,74,484,925,551,1793,476,1639
110,110,61,189,275,275,95,126,59,82,40,88,4,13,19,32,26,87,35,139
171,171,70,172,69,69,100,174,67,114,35,94,0,0,37,79,35,90,25,84
102,102,62,185,56,56,70,104,63,89,26,93,0,0,67,169,28,108,52,181
128,128,52,151,64,64,55,73,75,108,33,92,1,1,45,109,65,295,50,160
221,321,19,48,106,106,44,62,50,56,21,64,0,0,8,9,38,110,13,38
107,107,111,334,69,74,134,191,78,117,46,150,6,6,53,103,29,110,53,177
110,110,50,167,74,74,89,125,55,113,37,126,2,12,34,53,34,187,25,114
87,87,24,52,47,47,59,75,30,41,15,27,0,0,11,18,20,45,10,20
187,266,28,113,91,95,63,87,62,78,21,47,0,0,9,13,21,60,29,95
1008,1232,14,36,73,73,32,38,38,46,12,17,0,0,7,13,24,58,8,18
120,734,46,99,63,63,40,46,34,38,14,45,1,2,12,15,14,32,18,51
50,50,28,73,23,23,38,48,14,23,6,17,1,4,19,23,4,14,5,11
173,478,71,377,60,60,97,153,61,177,62,216,1,11,4,7,87,245,37,230
131,131,68,135,70,70,53,81,64,82,12,38,4,9,35,45,22,82,22,42
131,131,100,240,55,55,56,86,75,95,35,79,1,3,51,99,25,66,48,149
272,272,77,214,145,145,109,145,122,184,42,103,5,13,73,138,79,204,46,130
1747,2677,863,2694,802,808,667,956,598,1185,370,1323,22,68,497,1127,361,1268,311,1088
31,31,44,111,31,31,33,42,26,31,18,48,0,0,28,42,24,61,13,44
71,71,45,143,64,64,42,59,40,69,16,55,1,1,17,27,27,72,17,61
69,69,66,129,53,53,28,46,33,43,11,12,0,0,28,52,30,87,17,50
40,40,22,60,29,29,28,38,20,27,6,25,0,0,8,13,26,54,7,22
90,90,36,85,70,70,35,44,39,46,7,23,1,1,16,24,27,47,15,44
127,127,56,179,93,93,31,43,29,35,14,41,1,1,24,53,46,304,18,42
39,39,37,94,27,27,29,36,14,19,7,38,0,0,18,37,8,17,9,25
112,112,61,163,70,70,62,82,55,97,26,57,1,6,31,66,36,131,20,49
105,638,16,38,41,41,29,47,18,59,9,19,0,0,4,4,22,79,6,17
856,1086,59,169,143,147,73,107,81,114,24,50,0,0,39,60,55,156,23,65
42,42,127,415,34,34,49,65,27,37,57,178,5,24,35,77,7,18,32,108
35,35,29,85,38,40,81,117,18,38,5,19,1,5,17,27,12,29,7,17
17,17,185,780,20,20,78,141,133,476,134,642,7,11,188,561,11,95,105,458
113,280,80,243,89,89,69,89,65,94,36,116,5,19,44,84,30,118,22,86
1165,1838,1411,4705,770,829,1149,1903,896,2042,1369,4475,96,1209,1011,2559,469,1855,701,2928
37,88,103,396,24,24,76,121,30,67,47,132,12,686,41,107,43,233,45,303
28,28,72,206,25,25,96,173,43,83,57,210,3,17,24,43,39,195,20,65
18,18,34,85,27,27,40,52,27,31,26,84,1,1,14,38,24,127,14,79
47,47,42,98,40,45,58,81,27,30,26,52,5,18,12,22,22,107,11,32
34,34,303,1247,29,29,177,386,247,913,431,1623,27,139,416,1264,36,174,242,1042
46,46,73,235,42,54,70,128,55,129,92,299,8,52,77,167,9,23,47,194
358,358,61,153,58,58,53,68,42,58,75,164,1,26,35,66,13,34,39,122
70,70,52,132,80,87,42,77,56,72,40,103,1,2,19,35,33,124,25,103
36,36,58,176,32,32,48,69,51,68,171,413,4,29,106,220,4,54,24,83
65,184,40,126,49,49,38,47,19,25,39,80,5,9,17,26,21,60,17,53
123,129,50,121,103,103,56,87,46,71,34,90,6,13,17,25,55,173,26,87
89,586,170,594,73,76,66,99,32,56,126,538,5,65,41,107,44,106,58,231
44,44,83,316,36,66,60,141,42,86,41,177,3,42,58,142,20,107,39,176
46,46,72,219,42,42,75,98,71,148,83,274,4,48,70,166,34,115,41,189
87,87,141,420,84,86,114,161,70,108,52,129,10,60,46,103,46,158,39,124
37,37,57,181,26,26,80,115,38,97,29,107,1,2,18,28,26,65,14,45
2735,4942,831,2800,1286,1293,922,1364,838,1428,402,1375,25,52,415,851,1284,5804,281,1111
35,35,116,656,25,27,75,130,65,328,97,470,7,20,44,161,113,1129,42,297
89,89,33,104,66,66,66,102,46,73,24,55,1,1,20,44,28,97,18,68
72,72,40,108,63,63,56,84,60,96,18,76,1,1,31,52,26,69,16,63
75,75,47,149,59,59,50,63,69,94,16,34,3,3,24,39,59,225,26,63
158,252,75,182,116,116,42,49,61,72,15,31,1,2,50,81,18,60,18,39
186,356,23,64,109,109,42,51,26,29,10,18,0,0,11,20,30,118,8,34
123,636,31,57,99,104,11,12,29,29,13,34,1,1,14,21,5,18,13,23
201,742,48,122,91,91,28,46,46,56,13,30,0,0,35,55,29,79,15,46
78,207,47,122,72,72,24,26,30,32,14,32,1,1,12,16,18,61,12,37
883,1016,16,56,40,40,38,55,12,17,3,11,1,7,11,16,2,16,9,25
197,745,46,104,115,115,31,44,44,55,11,21,0,0,18,29,20,51,15,43
23,23,59,168,19,19,66,92,42,60,27,68,0,0,31,62,73,192,19,75
46,46,35,166,39,39,43,80,49,73,23,56,0,0,8,15,103,567,11,53
256,256,34,107,154,154,65,93,51,66,15,51,0,0,18,46,54,160,6,13
26,26,12,79,17,17,47,64,16,25,12,67,0,0,1,4,164,762,1,1
135,135,29,83,65,65,35,52,40,58,13,42,0,0,6,10,85,480,5,13
22,22,42,153,20,20,101,149,44,82,20,85,1,1,11,18,412,1541,4,20
130,209,98,320,117,117,102,172,108,183,58,194,8,15,70,162,45,179,43,198
3735,6922,1325,4584,1799,1862,1311,2352,1015,1751,690,2530,78,700,794,1709,672,2347,581,2274
136,536,67,241,79,101,79,125,49,69,42,125,5,126,28,56,76,239,11,47
77,220,72,274,69,71,65,98,38,82,43,175,6,20,24,46,15,115,30,115
75,218,19,50,61,61,30,54,23,31,22,53,0,0,15,27,15,42,8,32
184,348,78,354,78,78,54,89,46,80,43,187,11,297,25,75,59,265,28,165
136,136,54,136,119,119,55,101,48,70,23,70,2,3,43,74,29,119,27,99
71,71,19,42,82,82,27,41,33,37,10,16,0,0,11,16,31,65,7,11
71,71,45,150,60,60,44,79,63,102,25,63,2,4,36,92,53,169,30,120
93,93,56,135,94,94,36,54,62,88,22,62,0,0,37,53,13,45,31,91
80,678,102,312,78,101,53,86,40,66,27,74,2,2,109,326,14,44,35,148
99,99,52,160,87,87,69,103,59,85,17,65,1,1,27,44,17,66,23,72
131,423,235,898,77,85,230,569,86,243,154,643,22,87,114,327,16,30,134,655
40,40,19,58,44,44,18,34,17,44,5,18,2,3,5,7,0,0,8,23
113,113,15,44,69,69,12,18,16,34,8,31,4,37,1,1,7,17,0,0
174,810,85,305,133,133,109,221,56,114,57,260,9,70,21,42,104,342,17,55
100,336,73,253,95,100,57,88,45,59,28,112,1,2,56,101,15,44,46,152
262,262,77,244,148,148,91,127,92,158,38,124,3,10,32,63,66,310,37,111
1358,1607,80,304,90,90,53,79,48,78,36,158,3,7,53,77,12,30,22,91
182,508,20,61,75,75,27,46,30,41,16,40,1,3,8,16,8,16,12,37
213,213,114,408,172,175,118,211,88,138,47,169,3,26,128,234,22,68,58,198
140,140,43,155,89,89,84,129,76,132,27,85,1,2,21,32,100,321,17,52
2757,3817,1048,3215,1318,1351,789,1213,729,1134,421,1384,114,923,576,1165,336,1111,428,1496
73,73,80,339,74,77,62,112,46,112,36,196,2,34,12,45,53,222,26,121
86,86,16,44,63,66,27,51,19,47,6,26,1,8,14,29,19,64,4,11
55,55,186,834,50,50,128,253,56,143,109,457,65,781,69,251,15,42,69,332
56,56,75,163,75,77,66,92,69,85,18,40,2,2,90,150,22,68,40,138
1238,1451,115,296,62,65,84,109,41,81,45,141,7,10,56,128,25,52,66,235
123,282,68,242,82,82,27,38,41,59,26,77,3,6,29,52,19,56,33,115
133,133,49,138,91,91,44,61,55,63,18,34,2,3,26,46,32,115,15,39
163,163,28,81,100,100,46,73,56,96,23,53,1,6,29,63,42,158,15,48
100,100,29,61,103,103,36,52,47,52,19,29,1,2,22,33,27,77,16,35
89,89,53,133,60,60,33,50,38,54,11,50,3,3,29,59,9,36,9,26
220,456,43,115,173,173,48,66,48,78,23,59,2,2,10,20,34,128,24,99
144,455,36,73,114,121,32,46,30,35,20,30,4,12,12,20,11,44,17,49
24,24,47,87,38,38,22,31,35,43,3,9,0,0,53,75,1,1,16,41
114,114,159,455,105,120,86,121,79,98,37,106,17,48,83,123,8,13,42,106
139,280,64,154,128,128,48,58,69,88,27,77,4,6,42,71,19,35,36,101
1100,2598,867,2619,935,997,671,1381,488,715,383,1215,200,2575,391,685,153,487,300,1042
71,71,300,1186,82,102,271,736,51,130,220,791,150,2415,71,155,4,18,100,375
179,1248,136,386,128,146,89,186,64,121,41,110,25,107,55,98,20,67,32,175
107,226,48,126,73,73,29,45,52,57,14,19,2,9,25,43,10,34,21,58
95,180,84,184,124,131,65,102,74,91,21,52,2,6,56,75,8,39,24,60
59,59,40,91,56,58,28,39,36,44,14,35,1,1,43,81,7,16,28,81
137,137,135,387,122,122,86,125,87,137,39,127,9,21,82,137,46,147,65,209
131,131,4,8,93,93,23,39,19,21,9,21,2,2,4,9,28,89,1,2
88,313,55,121,59,73,27,36,15,19,6,14,6,11,13,21,6,9,6,16
142,142,20,38,98,99,24,34,38,39,4,5,2,2,14,20,10,29,9,23
91,91,45,92,100,100,29,39,52,56,15,41,1,1,28,46,14,39,14,43
1349,2397,1738,6476,1281,1429,986,1566,673,1261,838,3295,76,1220,636,1489,288,1082,494,2151
10,10,466,2391,25,31,122,254,47,186,250,1325,19,697,102,320,45,203,91,608
32,32,130,352,38,95,67,90,55,87,65,155,5,5,78,122,6,17,49,141
50,225,96,396,50,50,89,143,39,115,70,215,6,33,29,91,35,134,32,146
40,230,96,304,530,585,46,77,24,51,37,97,5,18,28,48,9,34,17,57
75,486,83,298,47,57,53,88,27,33,57,206,8,27,22,59,22,60,30,142
47,47,39,104,46,46,41,54,42,58,21,59,0,0,23,44,9,29,20,58
543,543,34,79,44,44,37,54,36,38,13,42,1,2,12,20,7,34,14,42
57,57,19,42,34,36,18,26,18,19,8,11,0,0,6,14,13,29,0,0
29,29,21,56,33,33,20,36,14,17,7,28,0,0,10,20,4,22,3,20
67,67,50,130,47,53,74,106,39,64,29,72,1,1,12,26,30,131,29,102
31,31,22,69,21,21,39,64,18,31,19,51,2,10,10,13,7,15,6,18
43,43,53,151,34,34,34,49,37,40,13,37,1,1,18,32,6,21,11,26
31,31,36,81,32,32,45,65,62,75,13,27,2,7,42,91,4,17,17,36
104,104,73,215,100,105,58,76,51,68,23,55,4,35,52,81,16,78,20,68
60,60,49,164,63,63,40,54,28,52,29,155,0,0,25,43,19,60,27,143
12,12,265,916,17,17,104,170,58,187,98,479,10,37,90,264,16,44,78,334
65,217,34,103,71,71,33,47,36,47,15,41,2,11,22,31,17,76,10,30
53,173,172,625,49,56,66,113,42,93,71,240,10,336,55,170,23,78,40,180
1033,1115,765,2322,830,844,883,1483,651,1105,486,1628,20,199,439,955,407,1463,331,1177
16,16,47,100,30,30,39,47,26,35,31,76,0,0,23,39,19,277,14,39
121,121,67,246,77,78,86,138,61,123,63,175,4,37,45,110,33,123,35,120
52,52,50,153,50,53,94,142,48,96,22,95,6,15,22,41,31,127,16,67
102,102,34,105,84,84,42,76,52,74,19,57,0,0,16,32,6,13,13,47
125,125,28,85,101,101,34,43,41,48,24,51,0,0,23,42,21,52,19,60
53,53,98,282,56,56,79,176,47,94,48,155,2,25,65,164,13,51,32,121
68,68,31,84,44,44,45,60,32,51,20,57,0,0,7,8,26,82,17,59
64,64,17,44,40,44,23,43,31,41,9,18,1,84,10,15,11,22,4,15
54,54,13,33,34,34,24,35,25,31,16,33,2,12,3,4,14,21,7,18
93,175,34,97,72,72,69,118,40,81,29,120,1,6,29,54,96,380,34,132
41,41,33,101,41,41,44,55,46,58,16,46,1,1,18,29,29,62,16,47
43,43,71,248,37,37,54,179,37,47,33,163,1,11,13,25,14,33,17,51
63,63,76,240,49,51,114,159,61,109,42,154,1,1,57,116,33,52,40,144
76,76,92,285,67,69,71,98,52,98,84,324,0,0,38,88,35,109,28,100
62,62,74,219,48,50,65,114,52,119,30,104,1,7,70,188,26,59,39,157
1286,2027,1226,3689,1579,1600,1010,2136,895,1604,581,2049,31,190,658,1672,354,1230,422,1628
58,58,63,208,61,61,41,64,52,79,33,106,6,14,20,42,15,45,18,51
29,29,7,13,46,46,24,40,22,33,13,25,0,0,6,11,34,60,6,14
46,46,57,169,18,18,73,169,67,130,37,113,0,0,24,45,26,106,22,67
21,246,84,434,19,19,37,100,30,104,66,203,2,33,75,224,5,10,42,189
38,38,62,188,34,34,51,114,35,70,20,81,1,13,25,46,15,123,18,70
42,42,54,139,56,56,46,90,40,55,27,94,0,0,21,34,17,61,19,46
28,28,41,124,27,27,26,45,29,40,25,113,3,59,43,138,11,22,23,117
38,38,113,296,59,59,34,90,32,127,36,194,1,3,90,386,8,30,28,185
13,13,51,111,35,35,35,63,36,48,11,26,0,0,21,32,9,25,12,30
293,584,51,138,43,43,34,54,27,35,25,51,0,0,12,16,15,49,13,47
28,28,55,137,49,49,75,171,68,88,20,68,6,28,22,35,17,62,17,49
13,13,77,290,22,22,101,311,58,178,45,190,1,1,85,224,2,10,64,282
42,42,5,11,38,38,15,20,14,18,5,15,0,0,2,4,13,35,3,10
32,32,80,225,494,500,61,153,47,69,35,127,3,20,51,124,6,16,31,142
42,42,110,321,46,58,45,78,46,95,68,253,1,1,48,105,9,26,26,81
87,312,87,267,83,83,66,128,50,64,22,66,2,2,19,34,30,86,28,96
92,92,19,51,68,68,38,65,35,47,12,19,2,2,5,10,47,165,3,7
32,32,85,255,52,52,104,233,72,156,45,194,1,2,42,94,17,116,22,68
98,98,29,54,130,133,26,30,49,60,9,34,0,0,11,11,16,62,6,19
111,111,47,88,97,97,36,54,30,37,6,12,0,0,15,21,11,28,5,10
103,103,49,170,102,102,42,64,56,71,21,65,2,12,21,36,31,93,16,48
417,903,1564,6712,386,411,1457,2758,676,1832,1012,3897,157,1563,446,1255,812,3812,445,2338
11,11,116,508,8,8,83,145,46,75,89,298,6,21,16,41,20,264,19,89
6,6,138,664,16,16,151,262,45,163,95,388,24,255,19,53,50,520,33,267
20,20,268,1212,25,25,181,350,55,144,162,561,27,574,89,255,73,373,78,473
4,4,101,488,3,3,114,211,47,302,72,477,3,79,50,265,56,192,28,199
14,14,83,355,23,23,101,312,32,68,46,163,6,83,36,77,47,139,44,164
3,3,14,39,1,1,32,34,22,29,13,46,2,2,11,16,101,316,4,10
12,12,62,207,16,16,105,264,48,149,48,147,5,9,30,74,19,78,15,46
2,2,3,31,3,3,31,73,16,63,5,12,0,0,0,0,17,69,0,0
0,0,31,134,1,1,81,125,20,47,12,50,1,1,2,3,104,424,3,17
11,11,96,690,8,8,30,76,32,204,72,427,13,86,17,44,114,754,20,141
9,9,59,211,17,18,49,86,48,68,36,110,12,32,29,65,44,137,21,64
26,26,68,201,26,26,60,76,47,130,37,125,9,58,17,57,26,136,18,62
48,48,88,426,29,32,78,118,36,64,31,116,6,10,30,91,20,37,30,156
37,167,23,85,27,29,43,78,26,33,20,60,1,4,2,3,16,38,3,14
22,22,69,212,20,36,113,192,55,94,45,166,5,46,11,18,38,134,12,60
93,199,122,509,77,78,76,145,56,123,114,395,14,228,43,112,36,96,50,271
60,203,197,619,50,52,97,155,38,59,94,294,22,74,43,78,22,78,59,245
39,146,26,121,36,36,32,56,7,17,21,62,1,1,1,3,9,27,8,60
1796,2517,2415,11486,445,487,2337,6508,1241,6255,1624,7273,384,8320,713,2528,1426,9020,827,5008
11,11,144,746,14,14,62,270,99,392,134,684,31,112,64,222,70,300,67,354
17,18,172,724,29,29,149,801,110,383,105,433,22,575,86,298,4,20,92,483
11,11,189,823,17,45,103,581,69,314,144,577,38,451,66,217,13,48,102,715
15,15,157,1014,13,15,88,151,30,151,96,550,26,1869,30,106,12,67,45,347
16,16,90,493,15,15,177,489,59,178,78,287,13,383,36,125,39,140,30,177
4,4,24,95,0,0,88,130,30,120,18,131,0,0,2,5,229,1732,5,11
15,15,157,739,11,13,150,339,78,244,110,416,16,188,38,126,440,2215,48,281
19,19,593,2827,33,37,469,1541,171,682,363,1764,76,422,151,614,50,888,183,1008
22,22,128,471,21,21,198,531,36,59,101,334,17,185,14,38,28,183,23,144
12,12,45,277,21,21,68,115,34,66,43,153,7,298,8,13,21,55,15,75
6,125,48,223,0,0,71,126,24,86,46,163,11,181,20,64,30,161,20,157
18,18,5,11,13,13,20,33,5,5,4,6,0,0,0,0,2,8,0,0
41,41,56,177,40,40,49,81,32,54,20,68,17,85,10,14,14,48,14,42
29,29,13,98,11,11,40,55,25,43,12,63,0,0,3,5,34,65,2,9
1246,1246,50,166,48,49,26,45,26,41,21,66,0,0,18,43,18,115,15,50
48,48,20,42,8,8,30,46,10,16,11,35,1,1,0,0,9,22,0,0
55,272,54,276,25,30,45,76,20,41,28,164,7,521,7,17,1,1,19,76
149,531,49,154,87,87,62,95,25,45,33,94,1,46,7,11,35,135,17,67
6,8,144,758,2,2,80,196,130,1048,92,475,32,476,76,253,74,474,51,399
8,8,106,585,7,7,133,301,148,2147,66,337,44,1485,47,277,32,163,46,460
23,23,142,720,12,12,120,319,54,104,90,451,23,1039,21,62,238,2118,24,120
25,25,29,67,18,18,109,187,26,36,9,22,2,3,9,18,33,62,9,33
2638,4850,1575,5760,1910,1931,1677,3190,1137,2328,975,3372,147,2830,628,1469,876,4160,639,2781
66,185,34,67,59,59,24,33,27,35,9,16,1,63,11,20,8,20,11,30
111,337,26,66,50,50,47,65,28,45,25,61,2,2,9,16,26,72,17,62
85,85,25,72,62,62,25,39,30,41,15,34,1,2,15,27,9,39,13,36
111,111,31,106,69,69,35,61,26,30,12,44,0,0,9,13,22,69,6,28
123,236,43,73,126,130,51,71,33,42,13,21,0,0,26,47,10,31,10,16
148,446,53,116,112,112,32,41,46,55,11,23,4,29,17,31,12,36,11,32
42,200,61,175,27,27,36,58,41,57,44,149,5,384,15,30,125,863,28,178
88,169,113,441,69,71,90,227,46,76,50,218,15,38,96,270,23,313,100,528
3,3,12,42,2,2,21,47,12,33,11,75,0,0,2,7,7,42,0,0
172,172,81,332,127,128,72,107,59,83,57,126,11,43,30,46,95,353,23,88
74,74,63,185,42,42,63,146,65,112,84,259,3,11,41,101,33,117,28,145
35,35,18,43,19,19,45,68,36,67,13,17,1,4,6,10,40,112,8,21
107,107,99,326,78,84,123,270,87,180,54,203,6,40,50,86,34,207,52,185
109,362,60,253,88,88,80,146,76,138,48,130,6,19,29,49,78,367,40,134
79,79,148,553,44,44,80,138,54,89,71,236,13,783,59,118,24,70,62,260
9,9,39,164,7,7,67,125,13,57,8,23,0,0,9,14,4,8,1,2
85,85,49,184,70,70,74,105,70,133,36,85,4,396,16,40,58,241,27,95
51,51,52,152,40,46,71,110,48,73,32,101,4,159,6,9,26,132,16,45
783,783,184,751,15,17,191,464,51,183,145,481,46,305,24,62,15,25,56,237
153,1117,35,104,117,117,53,95,42,69,30,81,0,0,21,44,32,90,14,56
35,35,23,78,32,32,48,73,26,56,22,69,0,0,2,9,18,51,10,33
60,60,163,572,44,44,101,208,96,247,48,216,13,36,126,374,45,328,93,444
28,28,1,3,13,13,45,82,15,71,8,26,2,3,0,0,21,107,1,2
13,13,108,623,565,565,38,77,36,134,72,445,6,505,6,31,28,98,6,79
3,3,2,3,3,3,15,29,9,10,5,16,0,0,0,0,4,10,0,0
29,29,19,62,10,10,62,149,31,95,12,32,1,2,1,5,46,240,0,0
36,36,33,214,20,20,88,156,34,117,40,185,3,6,2,10,33,119,6,45
3295,4980,1101,3388,1528,1566,1188,1990,900,1429,546,1660,59,1433,589,1349,620,2104,428,1459
183,543,20,85,121,124,29,48,23,35,12,63,1,3,1,2,37,109,6,19
99,99,41,112,95,95,62,110,14,16,15,38,0,0,14,30,14,34,20,52
119,119,56,167,61,65,59,88,74,145,45,125,2,32,36,85,51,259,27,90
2,2,27,120,11,11,37,60,29,71,22,100,4,10,4,11,159,610,13,45
102,102,21,53,52,62,59,94,26,40,15,32,0,0,12,20,23,51,6,19
52,52,36,90,59,59,141,280,19,35,8,26,0,0,7,11,3,8,3,12
106,369,31,106,59,59,38,52,27,58,15,36,1,5,10,23,28,83,14,54
73,73,9,23,40,40,24,42,24,42,11,47,0,0,4,7,38,148,4,11
185,293,55,160,132,132,51,70,68,84,22,58,2,5,26,43,24,110,19,66
137,278,71,203,84,84,78,125,59,107,32,123,6,70,56,148,11,43,27,83
105,105,85,283,54,60,48,74,31,34,58,194,8,282,29,65,23,86,18,62
88,273,76,207,84,84,87,144,75,99,40,101,2,3,48,102,14,29,30,114
120,120,135,390,73,73,104,163,83,113,54,133,10,86,57,103,66,199,44,164
117,436,63,249,89,89,61,108,62,75,34,85,10,788,21,39,35,90,24,101
209,372,71,195,153,153,67,107,82,114,29,59,3,6,47,98,31,67,34,98
157,187,152,509,144,151,97,188,83,168,63,212,4,17,95,268,24,42,69,245
1441,1557,152,436,217,225,146,237,121,193,71,228,6,126,122,294,39,136,70,224
